<odoo>
   <data noupdate="1">
   
            <record id="group_helpdesk_user" model="res.groups">
                <field name="name">Support User</field>
                <field name="implied_ids" eval="[(4, ref('project.group_project_user')), (4, ref('account.group_account_invoice'))]"/>
                <field name="model_id" ref ="model_helpdesk_support"/>
                <field name="comment">the user will have access to his own data in the support application.</field>
            </record>

            <record id="group_helpdesk_manager" model="res.groups">
                <field name="name">Support Manager</field>
                <field name="implied_ids" eval="[(4, ref('group_helpdesk_user'))]"/>
                <field name="model_id" ref ="model_helpdesk_support"/>
            </record>

            <record id="helpdesk_manager_rule" model="ir.rule">
                <field name="name">All Tickets</field>
                <field ref="model_helpdesk_support" name="model_id"/>
                <field name="domain_force">[(1,'=',1)]</field>
                <field name="groups" eval="[(4, ref('group_helpdesk_manager'))]"/>
            </record>

            <record id="helpdesk_user_rule" model="ir.rule">
                <field name="name">Personal Ticket</field>
                <field ref="model_helpdesk_support" name="model_id"/>
                <field name="domain_force">[('user_id','=',user.id)]</field>
                <field name="groups" eval="[(4, ref('group_helpdesk_user'))]"/>
            </record>

            <record id="helpdesk_portal_rule" model="ir.rule">
                <field name="name">Portal</field>
                <field ref="model_helpdesk_support" name="model_id"/>
                <field name="domain_force">[('partner_id','=',user.partner_id.id)]</field>
                <field name="groups" eval="[(4, ref('base.group_portal'))]"/>
            </record>
            
   </data>
</odoo>

