<?xml version="1.0" encoding="utf-8"?>
<odoo>
    <data noupdate="1">
        <record model="support.team" id="team_support_department">
            <field name="name">Direct Sales</field>
            <field name="team_ids" eval="[(4, ref('base.user_root'))]"/>
            <field name="leader_id" ref="base.user_root"/>
        </record>

        <record model="support.team" id="support_website_sales">
            <field name="name">Website Sales</field>
            <field name="leader_id" ref="base.user_root"/>
        </record>
    </data>
</odoo>

